{
  "project_info": {
    "project_number": "699855009129",
    "project_id": "aajivikasetu",
    "storage_bucket": "aajivikasetu.appspot.com"
  },
  "client": [
    {
      "client_info": {
        "mobilesdk_app_id": "1:699855009129:android:7a2b65d679d9cc8769b9f8",
        "android_client_info": {
          "package_name": "com.example.aajivikasetu"
        }
      },
      "oauth_client": [],
      "api_key": [
        {
          "current_key": "AIzaSyDSclSVPbJVvAbtXskLf1qbQm-GpGDbzuk"
        }
      ],
      "services": {
        "appinvite_service": {
          "other_platform_oauth_client": []
        }
      }
    }
  ],
  "configuration_version": "1"
}