{
  "project_info": {
    "project_number": "870097050842",
    "project_id": "timecare-340a1",
    "storage_bucket": "timecare-340a1.appspot.com"
  },
  "client": [
    {
      "client_info": {
        "mobilesdk_app_id": "1:870097050842:android:4ae6087f51fe82455859e3",
        "android_client_info": {
          "package_name": "in.gurulabs.timecare"
        }
      },
      "oauth_client": [],
      "api_key": [
        {
          "current_key": "AIzaSyBS7BgVWy-xwJQQ7dYSwh6jn2fi8EEqtLs"
        }
      ],
      "services": {
        "appinvite_service": {
          "other_platform_oauth_client": []
        }
      }
    }
  ],
  "configuration_version": "1"
}